{
	"name": "Natural_Evolution_Expansion",
	"version": "8.0.1",
	"factorio_version": "0.16",
	"title": "Natural Evolution Expansion",
	"author": "TheSAguy",
	"contact": "vvwmisc@hotmail.com",
	"homepage": "http://www.factorioforums.com/forum/viewtopic.php?f=91&t=13562&p",
	"description": "Manages Evolution & Expansion. Expansion now comes in Phases: Peacefull to Armageddron. At each Phase the Expansion becomes largeer and tougher. Part of the N.E. Mods, but can be used as Standalone. Please visit home page for more details.",
	"dependencies": ["base >= 0.16", "? EvoGUI"]

}