{
    "name" : "Rampant",
    "factorio_version" : "0.16",
    "version" : "0.16.6",
    "title" : "Rampant",
    "author" : "Veden",
    "homepage" : "https://forums.factorio.com/viewtopic.php?f=94&t=31445",
    "description" : "Improves the enemies tactics by using potential fields/pheromones allowing probing of defenses, retreats, reinforcements, counterattacking, breaching, rallying death cry, and player hunting. Also removes homing biter projectiles.  Difficulty setting in mod options menu.",
    "dependencies" : ["base >= 0.16.0", "? bobenemies", "? Natural_Evolution_Enemies", "? DayNightExtender", "? Orbital Ion Cannon"]
}
