{
"name":"omnimatter_smoke",
"version":"0.1.1",
"title":"Omnismoke",
"author":"EmperorZelos",
"description":"Smoke Begone",
"factorio_version":"0.16",
"dependencies":["base",
"?omnimatter",
"omnilib",
"?omnimatter_marathon",
"?angelsrefining",
"?yi_locales",
"?z_yira_yuokirails",
"?Yuoki",
"?yi_engines",
"?pyfusionenergy",
"?pyindustry",
"?pycoalprocessing",
"?aai-industry",
"?Advanced_Electric",
"?angelsaddons-petrotrain",
"?angelsbioprocessing",
"?angelslogistics",
"?angelspetrochem",
"?angelssmelting",
"?bobassembly",
"?bobelectronics",
"?bobenemies",
"?bobpower",
"?bobwarfare",
"?bobvehicleequipment",
"?BurnerLeech",
"?Electric Furnaces",
"?omnimatter_compression"
]
}
