{
  "name": "dark-matter-replicators",
  "version": "0.7.7",
  "factorio_version": "0.16",
  "title": "Dark Matter Replicators",
  "author": "TempiDrachen (pre-0.3 versions by jamupsi)",
  "homepage": "https://mods.factorio.com/mods/TempiDrachen/dark-matter-replicators/discussion",
  "description": "This mod adds replicators, machines which can produce items using nothing but electricity. Lower tiers of replicators are the most energy efficient and can essentially transform depleted, empty land into a resource. Higher tier replicators can simplify production lines or otherwise act as a convenience. Tier 1 replicators can replace depleted mining drills, allowing your expansion to be for growth rather than necessity.",
  "dependencies": ["base >= 0.16.15", "? aai-industry >= 0.1.12", "? Bio_Industries >= 1.9.4", "? Factorissimo2 >= 2.2.1", "? Yuoki >= 0.6.72", "? bobelectronics >= 0.16.0", "? boblogistics >= 0.16.3", "? bobmodules >= 0.16.0", "? bobores >= 0.16.1", "? bobplates >= 0.16.0", "? bobrevamp >= 0.16.0", "? bobwarfare >= 0.16.0"]
}