{
	"name": "aai-vehicles-miner",
	"version": "0.3.1",
	"title": "AAI Vehicles: Miner",
	"author": "Earendel",
	"dependencies": ["base >= 0.14.0"],
	"description": "A set of mining and excavation vehicles that can quickly mine solid resources such as coal, stone, ores, etc. They also harvest any trees in their path (and can consume the wood as fuel). The miners can be used standalone, or and can act autonomously if programmed with the AAI Programmable Vehicles mod.",
	"factorio_version": "0.16",
	"homepage": "https://forums.factorio.com/viewtopic.php?f=93&t=38471"

}
